Label,Content
A,「親愛的殺手」大膽探索社會邊緣人的情感關係，尺度更是火辣無極限，今日同時也公布本片入選第44屆香港電影節新秀電影競賽單元，挑戰今年度最具爭議話題情慾國片，並帶給觀眾大銀幕視覺感官震撼！電影也確定於12月4日在台上映。「親愛的殺手」劇照。圖／威視提供鄭人碩挑戰從影最大尺度情慾演出。圖／威視提供
A,準金曲歌王黃明志來台通過檢疫，14天自主隔離出關，今受訪稱趁這段時間充分休息，雖然有點消瘦，但身體沒問題。過往女友陪著闖蕩，這回雙方分隔兩地，他自嘲1個男人生活環境就像住在垃圾堆中，打趣稱：「要就女友，不然就女傭，感覺不能自理，要有人照顧我。」
A,兩人愛情長跑10年，恰巧近日演藝圈喜事連連，是否也悄悄登記了？他急忙否認稱還沒結婚，目前也沒進度表，笑說：「登記一定會說，我們是正正當當。」另因女友作風低調，無意願跟他步上金曲紅毯，反倒黃爸爸躍躍欲試，黃明志只說來回得隔離共28天，且得要插鼻子採集樣本，爸爸聞言稍微退卻。
A,他以「亞洲通話」專輯3度角逐金曲獎最佳國語男歌手，並獲年度歌曲提名，認為贏得評審認同已無比開心，看好周華健、張震嶽封王，「他們唱的不只是歌，是人生、也是屬於我們 的集體回憶。」多次入圍金曲不僅讓大馬民眾對他改觀，邀約更接踵而來，近來有2家保險套廠商邀約代言，他說：「希望可以談成，送個2箱來我家，用量大是好的！」黃明志3度角逐金曲歌王。圖／亞洲通文創提供黃明志跟女友愛情長跑10年，對婚事仍沒計畫表。圖／亞洲通文創提供黃明志來台通過檢疫，14天自主隔離出關。圖／亞洲通文創提供
A,浩子和阿翔雖是老搭檔，但頻率不對私下從不聯絡，沒想到今年他暑假請假一個月陪孩子，意外得知要跟阿翔全家相處7天，整個晴天霹靂，更沒想到的是兩個撇除工作之外，說一句話都嫌多的男人，女兒竟然成了閨密，阿翔大女兒小泡芙和浩子的女兒Queenie還一起睡，乍看以為戴著假髮的浩翔睡在一起。
A,浩子在乎家人，每年固定請長假陪小孩，今年選7月中放暑假，跟顏永烈一家相約去台南LONG STAY，沒想到聊一聊，竟變成網路節目「鬧著玩」團隊要一起去拍攝。浩子完全沉浸在放暑假的喜悅，到出發前才想到，那他的暑假不就有阿翔一起了，瞬間晴天霹靂。
A,晚上浩翔會跟小孩們玩遊戲，加上顏永烈的小孩總共有7個，有一晚在客廳玩躲貓貓，輪到浩子當鬼要找小孩時，第一個找到的就是顏永烈的兒子，他躲在永烈的椅子下，結果因為顏永烈忍不住偷笑出賣了兒子，讓小孩一下就破功被找到，小孩超生氣，因為這一偷笑害得顏永烈父子冷戰一整晚。
A,而阿翔小女兒舒芙蕾，則古靈精怪的躲進鞋櫃裡面，浩子認真的找好久都沒找到，舒芙蕾也在鞋櫃裡等好久都沒有鬼來找他，最後才自己探出頭來，也因此得到浩子阿伯提供的獎學金250元。
A,最後一天在台南錄影，每個人許一個願望，抽到誰的願望，就全部的人一起去實現，結果抽到阿翔的願望。阿翔寫的是這一趟回台南還沒做的事，是要去看阿公、阿嬤，於是大家就跟著阿翔出發了。阿公、阿嬤已經94歲，浩子問阿公有看我們的節目嗎？翔爸在一旁搶答說：「有啊！」然後，阿公才幽幽的說：「都看瓜哥的節目啦。」
A,其實，胡瓜節目只有阿翔沒浩子，這下浩子臉上又三條線，盡快甩開阿翔，去放他接下來單純的暑假。阿翔小女兒舒芙蕾，則古靈精怪的躲進鞋櫃裡面。圖／鬧著玩提供浩子在兩家小孩之中成了孩子王。圖／鬧著玩提供阿翔和小朋友玩捉迷藏遊戲。圖／鬧著玩提供
A,楊銘威在公視「我的婆婆怎麼那麼可愛」中飾演鍾欣凌的三兒子「秉仁」，將與大哥Darren、二哥王少偉合謀騙老媽的錢。楊銘威認為，劇中子女就是「被媽媽寵壞」，而戲外他是在傳統打罵教育中長大的小孩，現在自己當爸，則變得「情商超高」，開玩笑說：「現在燒一燒可能會有舍利子（表示道行高）。」
A,楊銘威笑說：「我小時候真的很欠揍，任何人當我媽都會想扁我。」但即使被皮帶抽到流血，還是改不掉皮的本性，沒禮貌、騙人、偷東西樣樣來，在教室的座位不是垃圾桶旁就是講桌前，都是「禁區」的位置。但他認為，以前眷村長大的小孩，真的需要嚴格管教，才不會做一些危險的事情，例如晚一點回家會被打，否則就真的發生危險回不了家。
A,自己也當爸後，對於上一代的管教方式，楊銘威認為：「會參考好的，有時候還是要嚇一下小朋友，但不用那麼嚴厲。」例如只要對女兒Mia罰站，她就會知道害怕。楊銘威坦言，每天都會起100次想打小孩的念頭，但都會忍下來，和老婆方志友也會互補，有一方先生氣、另一方就不會說話，因父母都生氣，小孩會沒有安全感。
A,而楊銘威在「我」劇的演出，也受到視后媽媽的稱讚，鍾欣凌提到：「原本以為他就是家裡很有錢的小屁孩，但現場看到他眼神開始上飄45度，就知道他進入角色（頹廢導演）了。」並形容「秉仁」一角是劇中子女之間「最有人性」的。楊銘威在「我的婆婆怎麼那麼可愛」中一心想成為導演。圖／公視提供
A,今年因為新冠肺炎影響，重創各產業，風靡全球的經典音樂劇「歌劇魅影」（The Phantom of the Opera）將永久停止英國的全國巡演，製作人卡麥隆麥金塔也宣布此事，不過該劇11月來台巡演場次不受影響。
A,「歌劇魅影」自1986年首次在英國女王陛下劇院首演後，至今仍受廣大劇迷喜愛，是倫敦西區第二長壽的音樂劇，甚至也翻拍成電影。本月28日卻傳出，因受新型冠狀病毒影響，「歌劇魅影」將永久停止英國的全國巡演，到倫敦西區劇院觀賞「歌劇魅影」將成為歷史回憶，台灣劇迷得知此訊，感到非常忐忑不安，而主辦單位寬宏藝術表示，歌劇魅影的巡迴目前不受影響，11月也確定來台演出，但這次疫情的影響確實讓許多經典百老匯劇作越來越稀有，劇迷有可能也會看一場少一場，本次來台演出後，這部經典百老匯音樂劇也有可能成絕響。
A,「歌劇魅影」無疑是全球觀眾最喜愛的音樂劇，「歌劇魅影」在英國的劇院演出30年，共出演1萬2000多場次，並在全球35個國家、166個城市演出，票房更超過史上任何一部電影或舞台劇，打敗「鐵達尼號」、「ET」、「星際大戰」和「阿凡達」，「歌劇魅影」巡迴將於2020年11月20日至12月6日在台北小巨蛋登場。經典音樂劇「歌劇魅影」在台上演後，恐成經典絕響 。圖／寬宏藝術提供
A,近來在「我的婆婆怎麼那麼可愛」中，以深情「火寮一哥」形象廣獲觀眾好評及喜愛的演員許傑輝，演而優則導，他首部執導的電影短片「88海水浴場」，初試啼聲即入圍「2020日本東京國際短片影展」，該影展為美國奧斯卡金像獎官方所認可的亞洲最大規模國際短片電影節，許傑輝導演的功力備受肯定。
A,初次擔任電影短片導演的許傑輝，當初為了拍這部短片排除萬難，得知入圍消息開心的向大家宣布，許傑輝表示，這是他第一個報名參賽的影展，也是第一個通知入圍的影展。心情當然是非常開心與激動，但太多人恭喜他，搞到好像已經得獎。
A,「88海水浴場」是一部描述親子關係的作品，劇情講述一名可愛的小男孩庭偉，為了爸爸曾答應開學前一定會帶他去海邊玩，暑假像是優良員工般地幫忙爸爸到處送貨。然而，就在送完最後一趟貨，兩人開心前往海邊的途中，爸爸又再度接到送貨的電話。為了賺錢，選擇調頭的爸爸，面對生氣的庭偉，又該怎麼彌補？許傑輝邀請到嘻哈天團「玖壹壹」春風，來飾演爸爸這個要角。
A,飾演單親爸爸的春風，在聽聞作品入圍後，不僅傳訊息向導演許傑輝表示好想再跟導演拍戲，並直呼：「一切都太棒了！」「88海水浴場」將於9月16日起，在「2020日本東京國際短片影展」上展開世界首映。他表示未來不排斥將此片發展成長片。
A,潘瑋柏（潘帥）日前開心宣布當人夫，豈料喜訊變調，老婆Luna（宣云）被大陸網友起底，包含年齡疑造假、疑似動刀整形等，各種批評開始在微博發酵。潘瑋柏心疼愛妻受屈，更不滿人格遭到貶損，昨晚委託律師發表不排除訴諸法律的聲明，大動作保護嬌妻。
A,Luna是前大陸「東方航空」空姐，嫁給潘瑋柏後人氣一飛衝天，IG粉絲從數千人暴增至逼近6萬人，不少人誇她氣質出眾、外型亮眼，不過隨著黑歷史見光，無論是IG或者微博都湧入不少謾罵，一夕之間成為全民公敵，心情勢必非常難受。潘帥忍了3天後怒槓酸民，認為夫婦的名譽嚴重受損，透過律師聲明捍衛權利，要求發布謠言的網友必須刪文，並對潘瑋柏、Luna夫婦公開致歉，否則將依法追究。
A,剛當人夫的他將在8月推出新作「Mr. R&Beats 節奏先生」，享受新婚生活之餘，卻透過自創新歌「第二順位」唱出當備胎的心聲，形成強烈對比。他親自構思MV概念，想藉此表達在感情世界若出現「第二順位」的選擇，沒有誰會是贏家的想法，但劇情並不灑狗血，他化上「受傷妝」，演繹痛苦、頹廢模樣。
A,此外，MV大手筆出動飛車爆破特效，潘瑋柏還首度出借價值千萬的帥氣「蝙蝠車」，車子一現身頓時成為焦點，只是顧及海風吹起的砂石會刮傷車身，劇組緊急停機3小時，租借拖吊車將「蝙蝠車」從棚內移駕到海邊，相當小心翼翼，MV將在31日上線。潘瑋柏大方出借要價千萬的帥氣坐駕「蝙蝠車」。圖／華納音樂提供潘瑋柏在MV中嘗試「受傷妝」。圖／華納音樂提供
A,白冰冰發行新專輯「宿命」，旗下木工歌手陳思瑋和台一線也分別發行新專輯「愛情，我不懂」和「愛你久久」，她感嘆為了發行這3張專輯，砸下的錢接近上千萬，但因為唱片不景氣，她已經虧了大概600多萬，她選擇看開：「做這種傻事的人不多了，我也傻到這一次為止，有再優秀的歌手，我也不會簽了，只有花錢，看不到收入在哪。」
A,她認為現在的世道，發片是吃力不討好，「我做一張我個人的，就要虧個3、400萬，現在沒人買唱片啊，年輕人的製作費是沒有我那麼高，但還是要虧到2／3，做這3張要花快1千萬，但我收入不到1／3。」換句話說，她起碼要虧600萬。她希望旗下歌手也要爭氣，要靠自己力爭上游，「像台一線，我就覺得他們應該要更快，浩角翔起也是一兩年就紅起來了，每一條路都要試著去闖。」
A,她和鄭進一在新專輯也有合作，兩人還合拍MV，問她目前有新對象嗎？她說，以前會想在感情上找個浮木，但現在她認為自己一個人也很好，「這就是宿命吧，我覺得我要認命，孤獨我覺得不是壞事，孤獨才讓我想去學新東西。」她也呼籲，女性不管到幾歲，經濟都要獨立，才能活出自我。白冰冰(左二)和陳思瑋(右二)及台一線推出新作品。圖／長興影視有限公司提供
A,三立拍攝中的新八點台劇《天之驕女》此次演員搭配頗具新鮮感，特別是大量啟用新面孔演出，讓劇多了新鮮感，但其中最受矚目的仍是黃少祺與韓瑜這對搭檔，特別是韓瑜角色有別以往，個性較為強悍，為丈夫黃少祺不惜家人鬧革命，導演馮凱昨透露這個角色讓韓瑜相當糾結，甚至最後會變成反派。
A,韓瑜表示不知道是不是因為自己第一次演出「長輩」的關係，第一天回歸拍戲時莫名地緊張，心情還在調適中，像是有個鏡頭是她要把茶杯拿起來這麼簡單的演出，但她卻NG了多次，開玩笑說：「Ｎ到我都懷疑自己是不是演員了！」這讓她與之前工作的時候比起來更加沒有信心、心情忐忑不安，馮凱導演見狀也安慰她說不要緊張、只要演自己就好，還讓她拿出自己機車的本性，就可以成功詮釋劇中成功女強人的角色性格，不禁讓她汗顏質問導演：「我對導演你有很機車嗎？」
A,其實韓瑜印象最深的是劇中激情戲很多，其中一場浴室戲還受傷，突破她從影以來最大尺度，韓瑜笑說導演馮凱難怪是A片導演，馮凱昨天趕緊澄清：「我沒拍過A片好不好？最多也是R級。」他透露想要韓瑜拍一個後背全裸的鏡頭，但韓瑜躲避說：「那我背後的肥肉怎麼辦？」馮凱說「她哪來的肥肉?不過我們是八點檔也不可能拍到讓NCC上門。」
A,韓瑜和馮凱其實有很深的淵源，因為當初韓瑜是被周遊發現進入演藝圈，所以兩人相識20多年，這次一起拍「天之驕女」，馮凱打包票「韓瑜絕對有不一樣的表現」。
A,談到與昔日搭檔黃少祺再次合作，韓瑜表示因為之前合作過蠻多次所以不會尷尬，對於兩人床戲、激情戲的部分，黃少祺說到要讓觀眾感到臉紅心跳，就需要演得逼真同時也不能讓對手戲的女生感到不舒服，這就是考驗演員功力的時刻。
A,對此韓瑜嬌嗔地表示：「希望他可以小力一點」，像劇中有一場飯局戲因為韓瑜差一點發現黃少祺不堪回首的過往身世祕密，因此黃少祺以霸氣強吻韓瑜來停止爭吵，韓瑜笑說只記得他為了配合導演「很Man」的動作要求：「每每都是一把把我扯過去，我骨頭都快散了。」直接跟黃少祺說開心拍戲、別來真的，因此第一天的拍攝真的是受到心靈及身體上的雙重折磨。
A,至於在現實中黃少祺表示若遇到夫妻間的爭吵時，認為自己並不太會以甜言蜜語來澆熄對方的怒火，更是不會以強吻的方式安撫對方情緒，並笑說那樣會「太演了」，因此會先靜下心來，黃少祺說：「如果是自己不對在先，也會很願意誠懇的與對方道歉，覺得義氣用事跟衝動不能解決問題反而會先好好思考該怎麼溝通。」
A,66歲音樂教父羅大佑從1976年踏入歌壇，擁有「鹿港小鎮」、「光陰的故事」等膾炙人口的經典歌曲，卻選擇回到音樂最初衷，將於8月8日啟動4場「宜花東鹿」線上直播巡迴演唱會，今天中午與媒體餐敘聊到近況，透露今年6月因坐骨神經問題，被醫生提醒最嚴重恐癱瘓，他說：「因為姿勢不良以前一直腰痛，這次特別不舒服，因為脊椎滑脫、囊腫、骨刺問題，所以開刀。」他打趣開刀比開唱還緊張，8歲女兒還童顏童語安慰他：「你會活著看到我。」
A,羅大佑細數已開刀完55天，他透露：「開刀時間5個半小時，全身麻醉，是微創手術，所以傷口沒有很大，開刀第一天就能走路，但就是不能維持同一個姿勢，要一直動。」當時住院5天，他還被醫生笑說「我第一次看到有人把吉他帶來醫院」，但也因此將過去中斷創作的歌曲，成功完成2首創作。現在復健良好，都需帶著護腰且不能久坐，他透露雖不能轉動脊椎，但不會影響到演出，還是可以彈吉他。
A,他自砸千萬啟動「宜花東鹿」線上直播巡迴演唱會，將以電影規格做出有劇情與溫度的演出，將音樂還給大自然，「吉他等其他樂器都是木頭做的」，自8月8日起每周六下午5點於LINE TODAY線上開唱，4周巡迴鹿港、台東、花蓮和宜蘭4個地方開唱，且每場歌單、內容皆不同，這也是他首度於鹿港開唱，他興奮表示：「就算颱風天我們也照樣唱。」開唱地點將讓人有隨性就是舞台的感覺，他也盼此舉鼓勵年輕音樂人用更靠近土地的方式表達溫暖音樂。羅大佑自砸千萬，啟動「宜花東鹿」線上直播巡迴演唱會。圖／大右音樂提供羅大佑（左）號召音樂人啟動「宜花東鹿」線上直播巡迴演唱會。圖／大右音樂提供羅大佑（中）號召音樂人啟動「宜花東鹿」線上直播巡迴演唱會。圖／大右音樂提供
A,林采緹上周心情如洗三溫暖，前夫胡睿兒因撿屍案遭上銬入監服刑，被關前兩人電話聊，他難過掉淚，隔天她就被拍到跟已婚男一起去泡湯。
A,今天下午她進TVBS錄「女人我最大」，澄清跟泡湯男只是誤會，「我找了一群朋友大概30人一起到飯店慶生，他只是其中一個，泡湯分男湯跟女湯，中間是隔開的，泡完之後走出來剛好被拍到，照片看起來很像一起，其實沒有，他因為這件事被很多朋友虧，包括他老婆。」
A,林采緹說，跟泡湯男才認識兩個多月，算是不錯的朋友才會邀他來慶生，但是那天總共有30人，「朋友都在，怎麼可能只有我們兩個在一起，而且被傳出懷孕的熊熊也在，我覺得她應該沒有懷孕，因為那天她還跟我們一起喝酒，如果有孕應該會滴酒不沾。」
A,至於胡睿兒，兩人今年已經離婚，小孩還小，她有答應說要帶小孩去監獄看他，「監獄每周都可以開放探親，但小孩實在太小了，短期內我應該不會帶他去。」她說離婚之後兩人還是朋友，「能夠繼續當朋友已經是我對他最大的包容。」
A,現在恢復單身，會不會接受新戀情，「其實有幾個人在追我，那都僅止於聊聊，目前還沒有想那麼多。」
A,田馥甄（Hebe）最新單曲「先知」，曲風重現60、70年代的迷幻搖滾及電子樂的氛圍，MV亦是充滿科技迷幻！田馥甄在MV中化身「愛情操控者」，其中一幕是由外籍男模趴著爬行、她則是蹲著端詳對方，她直呼：「好有感覺喔！」
A,新歌「先知」拆解在愛情裡的知與不知，田馥甄有感表示：「談過戀愛的人都知道，道理我們都懂，你也知道不應該怎麼樣，但你就是控制不了你自己。」她自認直覺敏銳，雖不是愛情裡的先知、卻是關係裡的先覺，能知覺2人關係的細微變化而一一面對它，但也表示：「在感情裡，自己不喜歡被對方操控，所以自己也不會想操控對方。」
A,田馥甄在MV一連更換三套造型，展現白淨典雅女神、黑色俐落女子、時尚黑白裙裝不同面向；其中她穿著白色典雅禮服，指揮100位合唱團學生組成的合音天使，並讚：「你們真的好可愛，真的好會唱歌！因為我聽到的是美妙舒服的聲音。」而她與外籍男模的對戲，男模跪趴在儀器輸送帶上，田馥甄則低蹲凝視，拍完她開玩笑說：「好有感覺喔！一直抖、一直顫抖，因為我蹲在那邊腿很酸，他也一直抖，我們兩個都一直抖。」更自嘲兩人都是「抖抖人」。
A,這次她首度與製作人小安合作，小安爆料田馥甄不為人知的一面，「個性看似大方的Hebe，每當唱到需要表現撒嬌或性感語氣的段落時，就會開始在配唱室裡亂開玩笑，原來是她害羞了，因為害羞，她的語氣也會開始越唱越Man」。而「先知」這次也同時跨足影壇，成為由廖明毅執導，林柏宏與謝欣穎主演的奇幻愛情電影「怪胎」主題曲。田馥甄新歌「先知」MV充滿科技、迷幻元素，並提供QR Code要粉絲掃驚喜。圖／何樂音樂提供田馥甄個性大方，卻被製作人小安爆料越害羞就越Man。圖／何樂音樂提供田馥甄MV指揮100名合音天使獻天籟。圖／何樂音樂提供田馥甄個性大方，卻被製作人小安爆料越害羞就越Man。圖／何樂音樂提供田馥甄個性大方，卻被製作人小安爆料越害羞就越Man。圖／何樂音樂提供田馥甄MV指揮100名合音天使獻天籟。圖／何樂音樂提供
A,阿龐在台視「生生世世」中偷吃行徑不斷，除了將小三養在家裡，還在外頭租了房子企圖金屋藏嬌，讓網友氣的大罵「渣男」、「爛人」，但也讓收視率再度突破新高，29日播出全體平均收視1.57、15至44歲平均收視1.08，其中家庭主婦分眾收視也有2.66。
A,劇中薛仕凌及林雨宣兄妹直接和老爸談判攤牌，讓觀眾大呼過癮，而阿龐和洪淇偷情長達一年之後，正宮林嘉俐終於嗅到不對勁，回憶起過往種種老公過份關心小三的行為，終於將偷情一事串連起來，此段收視1.82也是當日播出收視最高點。
A,林嘉俐和阿龐得知收視創新高的消息後都非常振奮，林嘉俐開心表示：「大家的努力被觀眾看到，這是一部好戲，希望觀眾可以從中獲得對人生不同的體悟。」阿龐被冠上「負心漢」稱號，他開玩笑說：「我最近出門都很小心，都有戴著口罩，加上最近瘦很多，模樣跟電視上不同，好在口罩和體重救了我。」
A,阿龐表示，很多人都說氣到看不下去，不過時間一到還是會鎖定收看繼續罵。觀眾也大讚是因為演得太好，才讓他們這麼生氣。阿龐預告這個角色接下來有更加令人髮指的發展：「大家如果現在就想摔電視，後面可能會想摔沙發，到時候大家再罵個夠。我覺得這樣就成功了呀，畢竟我就是演這樣的角色，沒人罵還得了。」
A,有觀眾認為，劇中老公會出軌，跟太太的行為脫不了關係，應該要負起部分責任，林嘉俐替角色惠子發聲：「現代人應該很難想像惠子所身處的時空背景，那時的婦女都被世俗、禮教給綑綁住了，惠子工作、經濟自主，按理說可以掌控自己的人生，但她卻仍屈服世俗，她的壓抑、無奈，我們太難去體會。」
A,洪淇第一次演小三就收到如海嘯般的罵聲，她表示事前就做好心理建設，並笑說：「因為壞人很難避免被罵的命運，當我看到『死查某』、『臭綠茶』等稱呼，我真的笑到不行，因為我自己看那副嘴臉也想扇自己巴掌。」她也俏皮表示很感謝觀眾給她的「新綽號」。林嘉俐劇中遭老公劈腿，戲外開心收視創新高。圖／台視提供阿龐全是負心漢被罵翻。圖／台視提供林雨宣(右起)、薛仕凌向劇中出軌的父親阿龐攤牌。圖／台視提供
A,邵昕和婷婷結婚10年，2012年傳出離婚；2016年與小14歲的大眼妹Vivi再婚，目前育有一女。據《鏡周刊》報導，邵昕近來常夜會「億級女富豪」，5天見4次面，不僅共用晚餐還夜遊車河。
A,事隔一天，邵昕終於在社群網站回應，曝光老婆與報導中的「億級女富豪」合影，並寫下：「謝謝大家的關心，與親愛的老婆及無緣的女主角一起用餐中....」，照片中vivi坐在中間，邵昕則與「無緣的女主角」分別坐兩邊，並試圖用稱謂來做切割。
A,在艾美獎公布入圍名單後一天，鑒於2019冠狀病毒疾病疫情延燒，主辦單位國家電視藝術與科學院（Television Academy）今天告知入圍者，9月的頒獎典禮將改為線上舉辦。
A,法新社報導，由於2019冠狀病毒疾病（COVID-19）疫情嚴重衝擊娛樂產業，當局也已實施相關限制及封鎖措施以控制疫情，在此情況下，艾美獎（Emmy Awards）頒獎典禮將改為線上舉辦是預料中的事。
A,艾美獎是電視界的奧斯卡金像獎（Oscars），今年的頒獎典禮預定9月20日舉行，將是疫情爆發以來好萊塢第一個主要頒獎盛會。
A,深夜脫口秀主持人吉米金摩（Jimmy Kimmel）將主持頒獎典禮，由美國廣播公司（ABC）負責轉播。
A,法新社得知入圍者通知信中的內容，並向主辦單位發言人求證，獲得證實。主辦單位在信中說，在目前這種情況下，他們被迫做出此一艱難的決定。
A,信中提到，主辦單位將與入圍者密切合作，以確保他們在頒獎典禮當晚表現亮眼。主辦單位將前往入圍者的家中或其他地點，錄製相關的畫面。
A,「我們會使你看起來很完美。我們正在探索頂尖的技術來運用攝影及照明裝置，並期待與你合作，製作出專屬於你的螢幕時刻。」
A,美國流行樂壇天后瑪丹娜在社群平台Instagram分享不實影片，稱武漢肺炎其實早有疫苗可治，但為讓富人更富所以秘而不宣；Instagram標註貼文為「假訊息」，今天已將之刪除。
A,法新社與美國娛樂業界週刊「綜藝」（Variety）報導，瑪丹娜（Madonna）在她1540萬人追蹤的Instagram貼文，宣稱2019冠狀病毒疾病（COVID-19，武漢肺炎）疫苗問世已有數月，但為「讓富人更富、貧病交迫的人更病」，所以才秘而不宣。
A,她附上美國醫師伊瑪努爾（Stella Immanuel）盛讚羥氯奎寧（Hydroxychloroquine）可奇蹟治療冠狀病毒的影片，伊瑪努爾在影片中歡欣鼓舞地高喊說：「沒人需要生病，這個病毒有療法了，那就叫做羥氯奎寧。」
A,瑪丹娜隨影片所寫的貼文指出：「這個真相會讓我們大家自由！但一些人不想聽真話，特別是要靠長期研發疫苗而賺錢的當權者。這個疫苗已獲證實，也已問世數月，他們寧願讓恐懼控制，讓富人更富、貧病交迫的人更病。這女人是我的英雄。謝謝你，伊瑪努爾。」
A,伊瑪努爾演說的片段近日在網路迅速散播，但羥氯奎寧是抗瘧疾藥物，並未證實對武漢肺炎有效。
A,Instagram隸屬的臉書（Facebook）發言人今天告訴法新社：「我們已移除這段影片，因為影片對2019冠狀病毒疾病的治療與預防方法說法有誤。」
A,「回應、評論或分享這則影片者會看到訊息，引導他們取得權威性的病毒資訊。」
A,瑪丹娜這則貼文現已刪除，但從截圖可看到稍早Instagram將貼文標注「假訊息－由獨立事實查核者評估」，並附上連結，可前往揭穿伊瑪努爾影片不實的頁面。
A,川普本週推文多次附上伊瑪努爾影片的片段，後來推文都遭移除。
A,瑪丹娜5月間表示自己染上武漢肺炎但已康復。她也因為染疫，被迫取消今年稍早的巴黎演唱會。
A,關之琳素有「香港第一美女」之稱，近幾年顯少曝光在螢光幕前，但仍常在社群平台分享日常生活。已57歲的她最近曝光近況遭指發福，有網友看了不禁感嘆「美人遲暮」。
A,影片中，關之琳穿著花色衣服，並對著鏡頭微笑，氣色看起來不錯，不過有眼尖網友看出她身材似乎原潤不少，忍不住感慨：「『膀大腰圓』發福了」、「美人遲暮」；但也有網友跳出來替她說話，認為「美人在骨不在皮」、「還是個美人」、「這個年齡長這樣還想讓人家怎樣」。
A,此外，關之琳近來也罕見曝光自己臥室，並對著鏡頭玩起變裝遊戲，對著鏡頭比出愛心。影片中也曝光了她床邊的「鎖鏈」，據悉這是她特地從英國買來的吊燈，照片一出，引發網友熱議。
A,小S以往碰上林志玲總愛與對方鬥嘴比美，日前她在IG上曬自拍照，卻有網友留言誇讚林志玲比較美，小S也不甘示弱直接一字回應嗆網友。
A,女星夏宇禾外型亮麗、身材姣好，擁有E罩杯美乳的她，曾在民視「實習醫師鬥格」飾演醫生被網友封「最美女醫」，去年演完8點檔「大時代」中的富家女「李志琳」後，日前她開心歡度27歲生日，在社群網站上分享一系列和閨蜜出遊的照片，一張3人床上脫掉胸罩裸上空照，瞬間引發網友暴動，還有網友留言：「鼻血噴了一屏幕」！
A,夏宇禾在臉書發文透露最近和姐妹展開一場輕旅遊，同時感性吐露：「11年了，還是頭一次一起這樣，謝謝你們陪了我11年，沒有把我丟下！」她還附上和姐妹們裸身裹床單趴在床上的照片，3人顏值超高，其中夏宇禾露乳溝，側頭露出甜美微笑，養眼鏡頭讓網友大呼羨慕攝影師。
A,沒想到更性感的鏡頭在後頭，夏宇禾寫下：「就這樣脫了吧！把所有的不開心全部從身上脫下！從今以後，還是每天開心的笑著，
A,開心的體驗接下來的人生」，照片中，她和姐妹們甩Bra大秀美背，白皙粉嫩肌膚，展現出S腰身，夏宇禾還露出上半部臀線，完美曲線令人看了噴鼻血，還有網友敲碗正面，問她是否介意轉身，夏宇禾親自回覆：「非常介意喲！」夏宇禾擁有E罩杯，好身材超火辣。圖／摘自臉書夏宇禾纖細長腿美胸，讓人看了直噴鼻血。圖／摘自臉書
A,好萊塢女星艾希莉賈德對導演哈維溫斯坦提出的性騷擾告訴，於去年1月遭洛杉磯聯邦地區法院駁回，今天上訴法院推翻原判，裁定艾希莉賈德有權控告哈維溫斯坦性騷擾。
A,聯邦第九巡迴上訴法院（Ninth Circuit Court ofAppeals）3名法官組成的審判小組裁定，哈維溫斯坦（Harvey Weinstein）在1990年代中期，邀約艾希莉賈德（Ashley Judd）到洛杉磯一家豪華飯店，當時哈維溫斯坦對她的演藝事業操生殺大權。哈維溫斯坦已因性侵案遭定罪入獄。
A,洛杉磯聯邦地區法院先前駁回艾希莉賈德的提告，理由是艾希莉賈德並非受僱於哈維溫斯坦，她身為女演員和電影製片哈維溫斯坦的關係，並未涵蓋在她據以提告的加州法律範圍內，但艾希莉賈德得以對哈維溫斯坦繼續進行誹謗告訴。
A,上訴法院今天的裁定，並不同意初級法院原判，指出哈維溫斯坦與艾希莉賈德的關係「本身包含權力不對等，哈維溫斯坦身為好萊塢位高權重的製片，以他的職業地位與影響力優勢，單方對艾希莉賈德施予脅迫。」
A,「因此，地區法院駁回艾希莉賈德對哈維溫斯坦的性騷告訴，是一項錯誤。」
A,第一批女性率先站出來指控哈維溫斯坦性騷，艾希莉賈德就是其一。
A,艾希莉賈德在2018年4月控告哈維溫斯坦對她性騷擾，此案源於1997年在比佛利山莊飯店，哈維溫斯坦藉著與她討論接片角色時發生。她指控，哈維溫斯坦求歡不成，就誹謗她，說與她工作是個「夢魘」，進而慫恿導演彼得傑克森（Peter Jackson）不讓她參與鉅片「魔戒」（The Lord of the Rings）演出，破壞她的名譽和演藝事業。
A,艾希莉賈德的律師今天對上訴法院的裁定感到欣慰，並說這是職場性騷受害者的重大勝利。
A,元元（吳婕安）因為常在節目表現出反應慢半拍的模樣，還被封為「呆萌女神」，不過日前在節目上被其女星聯合爆料，她私下模樣與螢光幕前的表現很不一樣，被指是雙面人，網友也酸她是「心機女」，對此元元忍不住發文喊冤「可不可以不要對我這麼壞」。
A,元元在節目播出後，在IG上發文表示「我從來沒給自己什麼角色設定」，並表示「我本身就是很有想法的人，講話也很直接」，看到不少網友的負評，她詢問大家的意見「還是大家希望我講話要再直一點，還是你們希望我怎麼做？可不可以不要對我這麼壞」，接著還透露「這是我第一份工作....可以不要這樣嗎拜託」。
A,民視8點檔「多情城市」自去年9月底播出至今，長達10個月至今220集，劇中5大命案懸而未決變玄案，兇手始終逍遙法外，好不容易由黃文星飾演的「劉加堯」意外造成殺害「明玥」兇手被逮，29日播出的劇情（案情）竟出現逆轉，「兇手」指向一人「大魔王」楊三泰（王燦飾演），劇情峰迴路轉一拖再拖，讓網友看了直呼：「好累！」。
A,劇中，自一開始「邱醫師」（翁家明飾演）被砸後腦勺變植物人，陳志龍（傅子純飾演）落懸崖，「明玥」（蘇晏霈飾演）魂斷婚禮，阿嬤（陳淑芳飾演）火場領便當、「羅正群」（傅子純飾演）遭槍殺倒地等，5命案釀2條人命，其中2人奇蹟死而復生，還有1人仍埋伏筆、生死未卜。
A,特別的是，當爆出明玥命案後，隨即展開的密室殺人事件，排除好人角色，所有反派演員都是嫌疑人，最後「安排」由「加堯」渣上加渣又添壞，成為兇手被捕入獄，但一句「明玥致命傷在頭部」，令案情急轉直下，「兇手」竟然另有其人，且使出的手段還與當年殺害邱醫師手法（煙灰缸砸頭）如出一轍，為阻止人竟遠距離丟鈍器傷人的情節，讓網友狠酸：「三泰可以去大聯盟投球了」、「為了把所有壞事推給楊三泰，補拍他和明玥在新娘休息室的劇情，楊三泰還真無辜。」調侃劇情「轉得真硬」，也感嘆三泰成了「黑鍋王」，而為了補拍命案過程，刻意的懸疑橋段疑似「抄柯南」，網友批：「抄來抄去、變來變去，又一直補拍，看了有點累」。王燦飾演的楊三泰拿著「兇器」深受打擊。圖／摘自youtube王燦（右）一時氣憤擊中飾演養女「明玥」的蘇晏霈。圖／摘自youtube
A,韓星河智苑曾出演《峇里島的日子》、《祕密花園》、《奇皇后》、《巧克力》等多部知名電視劇，如今已42歲的她保養有佳，模樣與剛出道時相比幾乎沒什麼變化，在她臉上絲毫看不出有歲月的痕跡。
A,近日河智苑參加《深夜正式演藝》專訪，當中被問到是如何維持美貌，她則謙虛的回答說：「可能是因為我經常笑，所以有提拉的效果。」隨後便曝光自己的秘方，就是「一天吃三個檸檬」，節目一播出，引發網友熱議！
A,《綜藝玩很大》今年邁向第六週年，而六週年的節目這一集，製作單位又出狠招讓KID（林柏昇）與小鬼從南投走到合歡山上，這讓KID忍不住在社群上寫下420字回歸「玩很大」的心得。
A,KID今年3月退伍後，回歸「玩很大」的首集就是從服役的單位南投役政署走回台北，花了三天時間終於達成目標，而這次「玩很大」的六週年，除了要在南投舉辦草地音樂會外，還讓KID與小鬼再次挑戰走長途，這次一樣也是從南投出發，終點是合歡山，再次讓KID走到快崩潰，於是就在社群上吐露回歸玩很大的心得，只見他連發了420個「走」字，網友也笑稱「玩很大要改名叫走很久」、「變成綜藝走很大」、「走到天荒地老」。KID寫下回歸「玩很大」了心得。 圖／擷自KID臉書
A,大S與汪小菲結婚後，生下一兒一女，常在社群網站分享婚姻日常，生活相當幸福。如今兩人已結婚10年，汪小菲則想起當年與大S認識49天就登記閃婚，隔年在三亞舉行婚禮，自覺欠大S一個溫馨婚禮，「就我們兩個人光腳踩在沙灘上看海」，大S的回答則跌破眾人眼鏡。
A,昨（29日）汪小菲還原當年辦婚禮的經過，兩人相識一個多月後，一向喜愛低調的大S只邀請朋友聚餐，「她覺得那就是她夢想的婚禮了」，不過因為汪小菲喜歡熱鬧、喜歡海邊，隔年才在海邊舉辦奢華婚禮。
B,大同（2371）工會今（30）日向監察院陳情，訴求主題為：主管機關踢皮球， 中資還要查多久？
B,大同工會表示，向來訴求非常簡單，就是保障員工工作權，我們希望公司現在與未來都專注於本業發展，精益求精，贏得市場的認同，每一位工會成員，不管他（她）身處在哪一個崗位上，都秉持大同寶寶橄欖球員的精神，除了奮發向前外，我們更加重視團隊協調合作，每一次的傳球，最終的目的是達陣得分，而不是推諉責任，每一次的傳球也代表大同員工面對困難與挑戰，永遠不放棄的決心，我們必將贏得公義 ！
B,大同工會指出，自大同工會到證期局及經濟部抗議後，非常遺憾的是，證期局對工會訴求，請儘速查明中資，毫無回應，除了接受新聞採訪指責公司對外資認定為陸資不盡合理外，請問「牛肉」在哪？還要查多久？還要行政怠惰多久？
B,大同工會到經濟部抗議，得到一紙公文，查中資是金管會在管，而公司檢舉檢調，似乎證據被沒收，告發案件被藏在抽屜裡？
B,大同工會想問:這個政府怎麼了？一個只會裝傻的政府？一個只會推皮球的政府？一個只會沒收人民陳情的政府？是得不到人民的信任與支持的，政府是民選的，人民是政府的主人，不是被忽悠，不是被卸責，不是被沒收的對象。
B,大同工會鄭重懇切請求監察院查明督促相關行政機關，不要在職權上怠惰，積極行使職權，才是大同員工之福，全民之福。
B,央行公布第2季理監事會議議事錄摘要，揭開疫情陰影未散去，但理事一致認同不降息的關鍵，除了保留未來政策空間、再降息將持續影響銀行業獲利，且長期低利率有不良影響，政策應更審慎。
B,中央銀行今年第1季因應新冠肺炎（COVID-19）疫情衝擊，大動作降息1碼，6月舉行第2季理監事會，由於國內疫情穩定，決議利率按兵不動，重貼現率維持1.125%。
B,央行今天公布議事錄摘要，揭開理事一致決議不繼續降息的原因，央行理事普遍認為，國內經濟情況相對平穩，且存在不確定性，基於未來政策工具操作的空間，仍以維持政策利率不變為宜。
B,有位理事進一步說明，市場已逐漸反映3月降息效果，有鑑於台灣經濟數據比其他主要國家好，這個時間點不宜降息。
B,央行往年多採連續升息、降息的做法，只降息一次就停止的狀況並不多見，不過有理事分析，當前利率已低，再次調降雖有宣示效果，實質效果相對有限，且將壓縮未來操作空間。
B,此外，這位理事也說，貨幣政策的部分，央行實施中小企業政策性專案貸款可以展現宣示效果，且實質效果遠大於宣示效果，因此，維持政策利率不變相當合理。
B,也有理事指出，如果再降，銀行調降貸款利率的空間有限，實質效果不大，而且當前房貸及企業貸款等利率均處歷史低點，再降息會持續影響銀行業獲利。
B,另位理事贊成不須降息，但理由不是預留未來政策空間，即使將來疫情惡化，經濟情勢轉趨不樂觀，仍應多採行其他政策工具，因為利率已處歷史低點，長期低利率產生不良影響，因此，央行對利率工具務必謹慎，未來如有必要須調整貨幣政策時，宜多考量其他政策工具。
B,財政部表示，公股代表廖燦昌、黃伯川及陳世卿等三人，因涉嫌違法放貸遠東航空公司案，遭台北地檢署起訴。其中廖燦昌已於今天中午請辭第一金控董事長暨集團子公司其他兼職，財政部已經予以准辭。
B,至於黃伯川及陳世卿2人的部分，財政部表示，此案已進入司法程序，將進一步瞭解案情，未來再視事證作妥適處理。
B,財政部官員表示，廖燦昌是今天中午主動向財政部遞上辭任書，依據程序財政部准辭後要進行解任的程序，已在下午4點半函文給第一金控，由第一金控後續處理。將會請第一金控總經理林謙浩及第一銀行總經理鄭美玲暫代董事長，暫代期間不會超過三個月，直到指派新的董事長並經行政院核定為至止。
B,台北地檢署偵辦遠航掏空案，查出董事長張綱維入主遠航，是靠借來年息30%的5億元高利貸，再以大水庫方式，挪用遠航營收，最後靠合庫前董座廖燦昌（現為第一金董事長）施壓，用沒有價值的淡水八卦山爛尾樓擔保放貸，掏空遠航35億9千萬元；檢方依違反證交法特別背信、詐欺、侵占等罪起訴張、廖，求處重刑。
B,今年4月8名公股行庫高層大換血，驚動金融業，北檢起訴名單就有3人名列在冊，除廖燦昌外，還包括合庫銀總經理陳世卿、土銀董事長黃伯川，3人都被控違反授信規章與風險，利用職權向合庫基層經辦人施壓，違法放貸張綱維取得資金，讓張綱維債留遠航。
B,當年廖燦昌因慶富聯貸案被撤換離開合庫，卻能擔任第一金控董事長，引發爭議，當時「升官」的還有土銀董事長黃伯川、合庫總經理陳世卿，2人分別是廖燦昌在合庫時代的總經理、授信部協理。
B,遠航掏空案涉及多位行庫高層，時任合庫董事長、現任第一金董事長廖燦昌，今（30）日遭檢調起訴，隨後火速請辭獲准。廖燦昌因慶富案，從合庫遭拔官，去年因行政院長蘇貞昌的「用人之道論」，於爭議中回鍋公股體系，如今時隔不到兩年，又因涉嫌遠航掏空案主動請辭，現年66歲的他，可說人生起起伏伏。
B,談到廖燦昌，「相當厲害、長袖善舞、很聽話」等形容詞，都是外界賦予的稱號，公股行庫都有肩負政策性貸款的任務，而廖燦昌不論走到哪，哪裡的政策貸款成績就是名列前茅，受行政院與財政部喜愛。
B,從台企銀基層出身的廖燦昌，靠著專業度以及執政黨喜愛，一路躍升至台企銀董座一職，2014年轉任合庫金董事長，2017年時，還在柬埔寨開心地參加分行開幕儀式時，一通來自台灣的遠洋電話…他因慶富案結束他的公股金融圈旅程。
B,2017年遭拔掉後，廖燦昌於寶佳集團擔任顧問一職，去年蘇貞昌一場「用人唯才」人事大風吹，也將廖吹回公股體系，但因當時在合庫下台的不風光，所以回鍋後，引起許多爭議，立委也經常將炮口對向廖…
B,藍委賴士葆曾於質詢台上說「廖燦昌是風派，風怎麼吹，你就怎麼倒」，廖當時回應說「我沒那麼厲害」；時任立委黃國昌更直言「永遠的執政黨」，「誰有權力、他就跟誰好。」
B,儘管爭議頗多，廖燦昌仍穩坐公股行庫高官，而且任職的行庫一間比一間大，藍綠執政都有他的身影，公關實力實在讓外界欽佩，如今陷入弊案爭議、進入司法調查階段，也立即負起責任，主動向財政部遞上辭任書…未來還能否回歸公股圈，外界都在看。
B,「動滋券」原定在今(30日)上午10時開放民眾領取，但卻在原訂開放前35分鐘，突然發布新聞稿改變時程表，教育部次長兼代理體育署長林騰蛟說明，為了讓400萬人抽中的「動滋券」得獎者能有更好的領取方式，及讓商家能有更好的交易介面，加上仍有業者表達希望參與，因此動滋券領取延後到8月6日領券，8月8日開始使用，使用期限也由原先的今年底，順延至民國110年1月31日。
B,林騰蛟也說，8月6日領券前兩日，採用身分證號末碼分流領券，6日為雙號領券、7日為單號，8日起所有抽中的民眾都可以領取，希望民眾能分流領取減輕系統塞車負擔。
B,客委會昨進行「浪漫客庄旅遊券」第二階段公開抽籤，從逾三五八萬五千多人中抽出十四萬名得主，中獎率不到百分之四。客委會昨下午五點陸續發送簡訊通知得獎者，晚上七點開放中獎查詢功能，但時間一到，因湧入大量民眾查詢，客委會客庄浪漫遊會LINE官方群組查詢功能又「卡卡」，無法順暢連線。
B,客委會這次共發放廿八萬份、價值八百元的浪漫客庄遊電子旅遊券，從七月廿二至廿八日止，累計三五八萬五三一○人參與登記。
B,第二階段開放登記前兩天，也才因瞬間流量超乎預期導致大當機，引發民怨。昨最終結果出爐後，由於僅百分之四的人抽中，不少民眾好不容易「卡」後查詢發現自己未抽中，索性怒封鎖客委會以及客庄浪漫遊的LINE官方群組。
B,客委會副主委鍾孔炤說，第二階段雖然發生登記塞車爆量，為表現客委會誠意，登記延長兩天、也取消異地消費限制。
B,鍾孔炤說，客庄旅遊券從八月起可使用，在全台十一個縣市、七十個客家文化重點發展區，逾四千家「浪漫客庄遊指定店」都能消費使用，各店家訊息可於ＬＩＮＥ活動專區查詢。
B,民眾結帳時只要打開票券掃描QRcode，每消費滿一百元即可折抵一張，最高一次可折抵八百元。
B,不過，嘉義縣市都無法使用。民進黨嘉義縣客家籍議員陳柏麟昨表達不滿，要求客委會放寬限制，讓嘉義縣客家族群也可享受客庄券福利。陳柏麟說，嘉義縣客家族群從八掌溪、赤蘭溪沿線，到阿里山、大埔鄉等部落，全是客家人，絕對比雲林縣崙背鄉的客家人口多。
B,嘉義縣中埔鄉長李碧菁說，聽到中埔不能使用客庄券感覺很無奈，在地客家民眾做手工物品貼補家用，包括手工皂、拼布包及稻梗製成的拍打棒，很希望能被列入客庄券使用範圍。
B,溪口鄉也有客家文化館，鄉長孫維聰說，可能民眾的祖先是客家人，但經時代演變已不說客家話，因此在判斷客家族群時會有爭議，他能理解客委會將資源放在較看得到政策結果的場域。
B,嘉義縣府民政處科長施建章說，縣府今年五月曾去函客委會，希望放寬客庄券適用範圍，但客委會未同意。
B,「動滋券」原定在今(30日)上午10時開放民眾領取，但卻在原訂開放前35分鐘，突然發布新聞稿改變時程表，教育部次長兼代理體育署長林騰蛟說明，為了讓400萬人抽中的「動滋券」得獎者能有更好的領取方式，及讓商家能有更好的交易介面，加上仍有業者表達希望參與，因此動滋券領取延後到8月6日領券，8月8日開始使用，使用期限也由原先的今年底，順延至民國110年1月31日。
B,林騰蛟也說，8月6日領券前兩日，採用身分證號末碼分流領券，6日為雙號領券、7日為單號，8日起所有抽中的民眾都可以領取，希望民眾能分流領取減輕系統塞車負擔。
B,振興三倍券上路半個月，上周四才開放兌領，但已有約一成的三被券被業者換回現金。行政院長蘇貞昌今表示，相關部會應宣傳三倍券可換加碼、比現金好用，且年底前都有效，業者不用急著換現金，而是可以循環使用。
B,行政院發言人丁怡銘今轉述表示，蘇貞昌在行政院會提醒，政府推動相關政策應該把相關配套想在前面，做好，若當初有思慮不周，輿論反應後，也要一再檢討提出解決方案。
B,丁怡銘說，蘇以三倍券為例，當初召集各部會討論，竭盡所能把發放做好，宣傳重點也放在發放跟領取，等領取作業順利後，各部會也能妥善處理準備兌領，上禮拜院會經濟部報告兌領作業情形時，會後也朝開會議，讓兌領作業簡化，這部分感謝各部會規劃。
B,不過，蘇貞昌認為，三倍券最重要目的是刺激消費、振興經濟，相關部會應該思考如何用力宣傳，讓三倍券換加碼、比現金好用，宣傳到年底前都有效，不用急著換現金，希望可以循環使用。
B,政府推出振興三倍券提振經濟，四大部會文化部、客委會、教育部、農委會也各自加碼，分別推出「藝Fun券」、「浪漫客庄旅遊券」、「動滋券」及「農遊券」等四款免費電子，要為因疫情受創的經濟添柴火。四大加碼券該怎麼申請、怎麼領、怎麼花、有哪些使用限制，本網詳列各項解答，一張表讓您一目了瞭。
B,三倍券幾乎是人人可領，但四大部會推出的加碼券並不是人人有獎，需要經過抽籤才能取得，抽籤結果已陸續出爐。
B,目前，由農委會提供價值250元的農遊券，500萬份已抽完，中籤率高達96%，幾乎是有報名就會中；文化部推出的200萬份 價值600元的「藝Fun券」，21日從報名的303萬人中，抽出身分證末碼「0、3、4、5、7、8、9」的210萬名幸運兒，中獎率近7成。鑑於此次藝Fun券註冊人數踴躍，文化部長李永得表示，將針對65歲以上、18歲以下的手機弱勢及身心障礙者，規劃2.0版本與四大超商合作專案。
B,教育部的「動滋券」已於28日下午三點半抽出400萬個名額，中簽率57.2％；四種加碼券最後一項由客委會提供「浪漫客庄旅遊券」，已在29日中午抽出14萬名幸運者，總計超過358萬人登記，中籤率僅4%。
B,這一波加碼券放送，民眾若幸運全拿，再加上三倍券、安心旅遊補助，等同花一千元共可獲得7150元的消費補助，可以花得爽快！
B,以電子票券方式發放，面額100元共8張，需綁定Line個人帳號。使用期限8月1日至12月31日止。
B,消費時出示掃描QR Code，消費每滿百元可折抵一張，單次最高折抵800元，不得兌換現金或找零。
B,客家委員會29日辦理「浪漫客庄旅遊券」第2階段的公開抽籤，從逾358萬5800人中抽出14萬名幸運者。下午5時後將陸續以簡訊通知中獎者，晚間7時開放中獎查詢功能。中獎者領券時間為7月29日起至12月31日，以身分證證號尾數分流，尾數為1、2、3者，可於29日下午5時至7時領券；尾數為4、5、6者，可於29日下午7時至9時領券；尾數為7、8、9、0者，可於29日下午9時後領券；7月30日起則天天都可領券。
B,採線上電子錢包方式發放，抽中者至「動滋網」填寫資料後，可獲得500元抵用額度。使用期限8月8日至2021年1月31日止。
B,在7月20日至26日開放民眾登記後，最終共有698萬7263人取得抽籤資格，28日從中抽出400萬個名額，中簽率57.2％也是「三券」中中簽率最低的。民眾可在29日10點前獲得中籤簡訊通知，或是10點後透過動滋網進行查詢。8月6日起開放中籤民眾領券。
B,消費時使用限一次抵用完畢，不得分次抵用，亦不可兌換現金或找零，須跨鄉鎮市區使用。
B,最後為了發放動用郵局超商系統，民眾排隊搞得昏頭轉向，這些艱苦何止三倍；拿到券後要消費，民眾絞盡腦汁、貨比三家看哪個商家優惠最多，所用的能量也不只三倍。
B,國家通訊傳播委員會（NCC）公布網際網路視聽服務管理法（OTT專法）草案，禁止台灣網路服務相關業者對中國大陸網路影音服務業者提供網路、資料中心等相關服務。代理愛奇藝的歐銻銻娛樂公司董事長范立達表示，他相信政府依法行政 ，愛奇藝也一定會保障消費者權益，影視內容服務不會中斷。他坦言， 最壞的狀況就是退費，但當然不希望走到這一步。
B,范立達說，網路影音產業需要政府一起維持市場秩序，但消費糾紛如果是因為政府政策引起，對消費者不公平。他說，消費者付會費，要得到對價的服務，台灣民眾也有自由收看各種資訊的權利，不應該被政府干預。也因為法案還未通過，毆銻銻沒有預估退費的損失，在台灣也不會停止收會員和引進好內容。
B,OTT專法草案公告後被業界抱怨，他坦言，在NCC立法時，他也曾對NCC官員表達可以提供業者觀點的協助態度，但官員也未採納。
B,他說，其實網路影音服務業只是服務形式，還沒有成熟為一個產業，但這是一個新的服務模式，對此服務模式了解的官員不多， 加上國際間沒有相關立法，新法立法過程中，會有很多問題和盲點，在9月20日公告期間結束後，毆銻銻會提出意見，後續舉辦公聽會也會出席發言。
B,行政院長蘇貞昌今（30）日表示，智慧機械產業推動方案過去四年投入150億元，讓台灣機械產業從「精密機械」進步為「智慧機械」。蘇揆指示經濟部儘速規劃下階段推動重點，如紓困3.0持續對受創嚴重企業予以協助，對業界意見傾聽及給予幫忙，讓產業保留根基、調整體質，在全球疫情趨緩後可立刻出擊。
B,此外，蘇揆也指示，對於業界長期反映的人才培育、產學合作等議題，相關部會要做好完善的規劃，務實帶動產業智慧升級，朝亞洲高階製造中心的目標邁進。
B,經濟部今日於行政院會提出「智慧機械推動成果」專案報告，經濟部表示，2016年起推動「智慧機械產業推動方案」，由經濟部、科技部、教育部等相關部會、產業公協會及地方政府共同推動，政策成果深獲業界肯定。
B,經濟部表示，「智慧機械產業推動方案」整合台灣豐沛新創能量，建立符合市場需求之技術應用與服務能量，將台灣從精密機械升級為智慧機械，透過「廣度」、「深度」、「高度」、「人才培育」及「主動出擊」，全方位協助廠商進行轉型升級，以達成「智機產業化」及「產業智機化」之目標，創造我國機械產業下一波成長新動能。
B,經濟部指出，在「廣度」方面，經濟部透過智慧機上盒(SMB)輔導計畫協助中小企業提升數位化能力，解決過去依賴紙本作業，讓管理者則可以隨時查看工廠生產動態，及時分析與解決各種生產製程問題。
B,"經濟部統計，截至2020年6月底，SMB輔導計畫推動4,456台設備聯網，超越原訂之4,100台目標，讓更多中小企業能邁出智慧製造的第一步。"
B,經濟部表示，在「深度」方面，經濟部透過智慧機械產業創新AI應用加值計畫，讓具備數位化能力之業者跨出自家廠區，與上下游供應鏈進行數位串流並導入AI應用，提升供應鏈管理效率，加速市場反應能力。
B,經濟部指出，在「高度」方面，經濟部透過智慧機械領航計畫促成國內指標性業者與國內解決方案提供者之合作，打造智慧機械標竿企業，使已具備數位化能力之業者，由工業3.0邁向4.0，以突破傳統生產瓶頸。
B,經濟部表示，在「人才培育」方面，教育部已盤點我國學校現有之智慧製造課程教材，並針對「智慧製造跨領域課程」開發三門共通教材，以補足智慧製造課程缺口，同時，搭配種子師資培訓及智慧製造跨校跨域教學策略聯盟進行推廣，至6月底已有20所學校使用教育部所開發之智慧製造共通教材授課。
B,經濟部指出，在「主動出擊」方面，經濟部於2018年籌組智慧製造輔導團，為廠商提供諮詢診斷及技術服務，協助我國中小企業(User)導入智慧製造，同時帶動我國系統整合（SI）廠商新商機。截至2020年6月已輔導164家廠商申請政府資源9.48億元，並帶動廠商投入13.57億元。
B,經濟部表示，智慧機械與智慧製造是未來發展趨勢，行政院將持續推動「智慧機械產業推動方案」，並以「智慧機械」與「智慧製造」兩大推動方向為主軸，持續協助企業轉型升級，以提升產業國際競爭力。
B,台灣機械工業同業公會理事長柯拔希表示，由於疫情和美中貿易戰仍有變數，第3季台灣機械產業產值表現可能不太樂觀，今年產值力拚較去年持平。
B,機械公會今天上午與台灣電機電子工業同業公會舉行「設備暨製造數位轉型結盟」簽約儀式，會前柯拔希接受媒體短暫採訪。
B,展望下半年和今年台灣機械產業表現，柯拔希指出，今年有COVID-19（2019冠狀病毒疾病）疫情，加上美中貿易戰變數未解，第3季機械產業表現恐怕不太樂觀，整體經濟景氣仍處於觀望，產業訂單多以短單為主，對機械業者傷害較大。
B,他預期，今年台灣機械產業整體產值力拚較去年持平，希望能達到新台幣1.1兆元的規模，若疫情和貿易戰未解，2025年產值達到2兆元的目標可能要調整；若疫情改善，期待明年台灣機械產業產值有報復性的成長。
B,對於政府提出紓困3.0方案，柯拔希不諱言指出，工具機產業受到疫情影響明顯，期盼政府協助工具機和機械業者度過難關，不過對於業者來說，紓困不是最主要的，政府加大力道推動產業振興才是關鍵。
B,他也指出，儘管疫情和貿易戰影響機械產業產值表現，不過這也帶動第二生產基地，加上市場剛性需求仍在，長期來看台灣機械產業表現並不悲觀。
B,晶片大廠超微（AMD）28日公布強勁的財測數字，原因是遠距工作趨勢，帶動資料中心業者與PC製造商對晶片的需求，凸顯超微正從對手英特爾的伺服器晶片市場搶得訂單，相較英特爾在7奈米製程落後，超微在台積電（2330）7奈米及5奈米產能力挺下，旗下中央處理器及繪圖晶片頻傳捷報。
B,台積電供應鏈透露，超微仍是台積電優先力挺主要客戶，且明年5奈米強化版支援超微最先進的Ryzen系列處理器，預料將可為該公司再添戰力 。
B,目前超微主力產品包括採用Zen 2架構的Rayzen 3000處理器，以及切入索尼新遊戲機PS5和微軟Xbox Series X 、均採用台積電7奈米製程。台積電昨（29）日股價收422元，下滑13元，外資連兩日賣超，市場預期，台積電本季營收在超微積極追產能帶動下，季增8%-11%，營收有望連兩季創新高。
B,受惠財報消息激勵，超微29日早盤股價大漲逾10%。超微預估，第3季營收將達25.5億美元，高於分析師預期的23億美元。超微同時調高全年營收預估，預期2020年營收成長約32%，增幅大於原估的25%，主要由強勁的PC、電玩與資料中心產品銷售強勁帶動。華爾街原先預期今年營收成長25%至84億美元。
B,在台積電因應美國對華為頒布新出口禁令，5月15日後停接華為新訂單後，華為旗下海思騰出的產能，很快被蘋果、超微、輝達及聯發科等包下，其中超微甚至第一個卡位海思騰出在台積電5奈米產能的客戶，透露超微挾7奈米締造的成功模式，準備快速在5奈米複製，台積電也因超微的合作緊密，減輕掉單的風險，雙方似乎已建立良好共創雙贏的模式。
B,雖然超微對外公布的製程藍圖，要到2022年才會有5奈米的產品問世，不過，台積電供應鏈透露，近期超微已在台積電5奈米投了為數不小的晶圓，且以繪圖晶片優先導入；至於月產能近3萬片位於台積電南科Fab 18的P4廠，也將於明年上半年完成建置，後續視情況再擴增，應是為超微更高效能的Ryzen系列的處理器預做準備，可預期帶給英特爾的壓力更大。
B,"超微上季淨利1.57億美元，較去年同期3,500萬美元增加三倍多；每股盈餘13美分，遠高於去年同期的3美分；營收成長26%至19.3億美元，高於分析師預期，主要因Epyc伺服器晶片與 Ryzen PC處理器銷售強勁。"
B,超微曾經落後英特爾長達數十年時間，但近年來有加速追上之勢，可歸功於台積電利用7奈米技術為超微生產晶片，有助超微開始奪取英特爾的市占。
B,超微與英特爾的表現分歧，從股價彼消我長也可見一斑。超微今年來股價大漲近50%至每股67.61美元，英特爾今年來卻挫跌近18%
B,至每股49.24美元，兩者股價呈現交叉趨勢。
B,最新第三方市場研究報告顯示，蘋果公司是第2季中國大陸成長最快的智慧手機製造商，靠平價手機iPhone SE、暢銷機款iPhone 11系列和大打折扣促銷，銷售在大陸市場逆勢成長，為即將公布的財報帶來好兆頭。
B,"由上海市調機構CINNO Research發布的數據顯示，第2季iPhone在大陸的銷售量與一年前相比增加62%至1,300萬支；與前一季相比更躍增225%，儘管反映比較基期低，但也凸顯iPhone銷售較第1季復甦，當時新冠肺炎疫情迫使蘋果關閉大陸門市、影響銷售。"
B,大陸iPhone銷售低潮發生在2月，當時蘋果只賣出不到50萬支手機。但後來銷售穩定彈升，主要拜iPhone 11系列熱賣之賜。
B,Counterpoint Research分析師唐叮說：「iPhone 11在中國仍是最暢銷的機型，自去年9月迄今銷售持續領先，這顯示蘋果品牌對中國消費者有強大的魅力。」
B,最新第三方數據發布的時機，適逢蘋果30日公布會計年度第3季財報的前一天。
B,市場研究機構Counterpoint Research的資料則顯示，在4月至6月一季，iPhone在大陸的零售通路銷售量（sell-through）達740萬支，較去年同期成長32%。這裡指的是對蘋果零售夥伴的iPhone出貨量，是接近對消費者實際銷售量的指標。
B,"相較下，大陸手機製造商華為的零售通路銷售量達3,660萬支，較一年前增加14%。蘋果在大陸手機銷售一向遠低於華為。"
B,至於大陸五大手機品牌其餘的三家，即Oppo、Vivo和小米，上季銷售全面大減，呼應大陸整體智慧手機市場年減17%的頹勢。
B,英特爾坦承7奈米製程將延後半年，且不排除委外代工的可能，台經院研究員暨產業顧問劉佩真分析有兩大因素，讓英特爾不得不把卡關的新品訂單委外製造，且放眼全球，能接下英特爾委外大餅的廠商，除了台積電（2330），恐怕也很難再找到更適合的廠商了。
B,劉佩真表示，英特爾在製程上的落後，給了競爭對手竄起的機會，在英特爾製程還不順暢時，超微已經透過採用台積電7奈米製程的產品追了上來，如果英特爾7奈米製程新品不委外，將有兩個可能的影響，是英特爾不得不重視的委外代工的關鍵。
B,劉佩真指出，面對超微的競爭，如果新品持續卡關，新品落後超微的差距恐將加大，且造成市占率進一步的流失；台積電是目前全球唯一量產6奈米的業者，在7奈米及7奈米加強版、5奈米訂單滿載的情況下，預計年底量產的6奈米製程，可以成為初期承接英特爾7奈米委外訂單的主力。
B,劉佩真強調，台積電的先進製程獨步全球，具有全球唯一的稀少性優勢，這一點是其他競爭對手難望其項背的地方，除非英特爾7奈米製程新品不委外，否則不選台積電，恐怕也難再找到更合適的業者來代工。
B,至於市場上曾認為，台積電先進製程包括7奈米、7奈米加強版、5奈米產能滿載下，恐怕難再接下英特爾的代工訂單；另外，也有分析師表示，英特爾的競爭對手也在台積電下單，恐也不樂見台積電接英特爾的代工訂單。
C,去年龍眼受暖冬影響產量銳減，今年初低溫足夠，促進龍眼花芽分化，開花著果正常，果實經過盛夏成長，粒粒飽滿多汁，產量品質更勝往年。台南區農業改良場表示，今年7月龍眼已由南往北陸續採收上巿，可選購果皮黃褐色，外觀完整、光滑且富有彈性、碩壯飽滿者。
C,台灣龍眼種植面積約1萬700公頃，是臺灣最常見的庭園果樹，其中以台南市栽培面積3800公頃為最廣。龍眼經過300多年栽培，孕育出多元品種，如五月龍眼、紅殼、粉殼、潤蒂及十月龍眼等，不同品種各具獨特風味。
C,台南區農業改良場建議，消費者選購龍眼時，可挑選果皮呈黃褐色，外觀完整亮麗、光滑且無粗糙感，如用手輕壓果實，富有彈性且碩壯飽滿。新鮮龍眼易剝殼、不黏濕，果肉剔透晶瑩。購入後可用包裝紙類包覆後裝進塑膠袋內，放入冰箱冷藏，可延長賞味期限，但仍建議盡快食用完畢，享受果實的新鮮口感。
C,龍眼果肉富含糖類、蛋白質、抗壞血酸及維生素A、B、E等多種礦物質，除了鮮食以外，還可遵循傳統古法焙製出古早味龍眼乾，搭配加工製成桂圓麵包、桂圓粥、桂圓茶。經過夏季生長，龍眼結實纍纍、粒粒飽滿。圖／台南農改場提供
C,台中市議員張彥彤今天中午在臉書貼文，「經過約一個月治療、診斷出我們全家鉛中毒，我個人部分鉛中毒加上多重器官發炎，一度準備發病危通知，出院的我還非常虛弱…。」記者致電張彥彤確認，他表示，此案已請衛生局協助調查，原因待查；父親前議長張宏年與母親和姐姐，也檢測出鉛中毒，3人仍住院中。
C,張彥彤表示，他約1個多月前莫名腸胃痛、想吐，半夜睡不著，肝指數飆升，6月底開始更不舒服，吃不下，也無法排便，肚子硬痛，7月8日急診住院一直找不到原因，院方細菌培養，並無異樣，才從血液裡發現有重金屬，正常鉛指數應10以下，他鉛指數高達88，趕緊請全家都住院驗血。
C,張彥彤表示，父親張宏年也有鉛中毒狀況，驗血鉛指數也高，「他一直說四肢無力，兩腳站不穩，終於找出原因。」
C,「女生生小孩疼痛指數若10，我覺得我痛到9…」張彥彤表示，鉛中毒過程非常痛苦，睡不著、吃不下，醫生一開始找不出原因也著急，驗血才找出主因是「鉛中毒」，雙親、姐姐抽血也驗出同樣狀況，目前已把全家食用物品、保養品、接觸物品都送衛生局化驗。
C,張彥彤受訪時說，他還是非常虛弱，但雙親需要照顧，還有選民服務待處理，必須先出院，目前已請衛生局協助調查，希望盡快找出原因，感謝各界關心。台中市議員張彥彤（左四）今天中午在臉書貼文，「經過約一個月治療、診斷出我們全家鉛中毒，我個人部分鉛中毒加上多重器官發炎，一度準備發病危通知，出院的我還非常虛弱…。」記者致電張彥彤確認，他表示，此案已請衛生局協助調查，原因待查。圖／取自張彥彤臉書台中市議員張彥彤今天中午在臉書貼文，「經過約一個月治療、診斷出我們全家鉛中毒，我個人部分鉛中毒加上多重器官發炎，一度準備發病危通知，出院的我還非常虛弱…。」記者致電張彥彤確認，他表示，此案已請衛生局協助調查，原因待查。圖／取自張彥彤臉書
C,台灣新冠肺炎疫苗研發龜速前進，中研院生醫所兼任研究員何美鄉坦言，「早就知道會落後」，爭取國際疫苗廠技轉，在台灣廠製造，應是台灣目前最快擁有疫苗的方法。記者陳婕翎／攝影
C,台灣新冠肺炎疫苗研發龜速前進，專家多悲觀認為國產疫苗進度恐落後美、英、中國大陸一年左右，樂觀一點仍需等到明年3、4月才能上市，中研院生醫所兼任研究員何美鄉說，「早就知道會落後」，爭取國際疫苗廠技轉，在台灣廠製造，應是台灣目前最快擁有疫苗的方法。
C,目前全世界約一百多個單位投入新冠肺炎疫苗研發，7月早已有五家疫苗廠進入新冠肺炎疫苗第三期人體試驗，研發速度最快的疫苗有望今年秋冬問市，反觀「支持國產疫苗研發」、「爭取海外疫苗採購」並行的台灣，截至目前僅兩家藥廠提出人體試驗申請。
C,何美鄉也在這次座談會上將研發疫苗形容為照顧小孩子長大，不可能因現在有幾百噸食物，硬塞進孩子肚裡，小孩也不可能就突然長成20歲成人。她說，早就知道台灣新冠肺炎疫苗研發會落後，強調「不是看不起台灣」，而是因國際疫苗平台已有研發經驗，但台灣沒有，就會慢。
C,高端疫苗發言人、執行副總李思賢也曾在過去接受本報訪問時提及，國際間新冠肺炎疫苗研發賽，無情揭露台灣長期以來研發問題，政府及民間資源投入太少，導致起跑槍聲響起，台灣一開始就慢了，國內連找個像樣的研發平台都是難事，硬生生落後海外大藥廠一大截。
C,何美鄉說，台灣能在明年大量生產國腩新冠肺炎疫苗已是破天荒地快速，現在想要更快，就必須仰賴國際合作，「世上原本是敵人的產業都在合作，因為我們是在抗疫，全人類都在同一陣線上，不要去想我是英雄、我要去把它研發出來。」
C,對何美鄉而言，「合作」不單純僅是「爭取海外疫苗採購」，她說，現在國際廠商其實不是要不要賣給台灣的問題，而是每個疫苗平台的產能都是有限的，沒有任何一個平台可以做出供77億人使用的疫苗量，「但別忘了台灣境內其實有好幾個現成的疫苗製造廠。」
C,何美鄉說，現在各大疫苗平台都希望能在這場疫情中獲取最大利益，業者都心知肚明現在有技術不賣就來不及，只要確保製造疫苗量越多就會越多獲益，「台灣希望已經研發出疫苗的廠商技轉，就用錢買，他們（國際廠商）也願意。」
C,何美鄉表示，一旦爭取到海外疫苗研發技轉，台灣就能利用國內現成的疫苗廠製造，可以做一個較小型試驗證明台灣也能做出來和原廠一樣品質的疫苗，台灣民眾就能直接使用這劑疫苗，這是目前法規可允許、有利於國內產業，且加強台灣境內防疫的三贏局面。
C,中國工程院院士鍾南山29日表示，根據目前香港每日新增病例的數據來看，香港疫情正在發展之中，已經出現了社區傳染，但還沒有出現指數級增長，所以他建議香港要加強檢測，尤其是對無症狀感染者的篩查。
C,觀察者網報導，他認為，香港2月至4月疫情控制得比較好，4月到6月下旬，最高日增長不超過20例，所以那個時候覺得香港做得很漂亮、很成功，但7月8日到18日就多一些了，但日均還不多於60個，7月18日以後這10天裡，除了個別日子，病例數日增長量都超過100例，最高的是日增長145例。
C,鍾南山指出，現在香港已經存在社區傳染，但它的傳播態勢不像西方國家那樣是幾何級數或是連鎖反應式增長，而是在一個平面上每天增加一些，這說明政府干預、社會干預還是起了很大作用。
C,他建議，香港要加強檢測，尤其是對無症狀感染者的篩查。「我建議不光是在特定的黃大仙區來進行，而是應該在整個香港進行核酸檢測排查，總共也就七八百萬人，應該不難，好處就在於早發現、早隔離，減少人傳染人的機會；例如在武漢，有了方艙醫院，幾萬人得到隔離，問題很快就解決了。」
C,鍾南山表示，強化檢測實際上是為了發現更多的無症狀患者，因為症狀是一個主觀的因素，每個人感覺不太一樣，此外無症狀感染者有一部分是在潛伏期內，嚴格意義上不叫無症狀，而是待發病。還有一種無症狀感染者是目前正深入研究的，沒有明顯症狀，且過一段時間自癒了，但這些無症狀感染者最大的問題是具有很強的傳染性，所以必須及早發現。
C,他認為，相比香港，大陸採取的疫情防控措施更嚴格，大陸現在的做法，不管在黑龍江、吉林、新疆、北京，都是很快把疾病限制在某一個區，減少傳播，例如在北京新發地疫情發生後，採取的措施是非常嚴格的，「疫情發生地市民全部做了核酸檢測，同時整個社會動員力度大，不出門減少了社區間的傳播，此外大中小學停課等都是強有力的措施。在這些措施下，也就花了25天左右就把病例數清零。」
C,目前香港疫情還處於一個上升的階段，鍾南山希望防控措施要加強，「我非常贊成香港有一個全民的核酸檢測，這是我希望能夠做的，當然這是不便宜的，大陸現在最低是人民幣60元一次檢測，香港還是比較貴，要港幣1000多元。」中國工程院院士鍾南山表示香港已出現社區感染，應儘快展開全民核酸篩查。圖/觀察者網
C,中醫藥裡有個藥材，能夠同時有止血與活血功效，在植物分類與人蔘類似，也就是三七（或稱生三七），在中藥材裡價格較高；然而，有另外1種植物，經常容易讓人與三七混淆，也就是食材川七（或稱三七葉），名稱很像但幾乎沒有關係。
C,三七與人蔘是同屬植物　多用於心血管疾病
C,中醫師鄭愛蓮表示，三七經常用於心血管疾病，由於同時具有止血與活血功效，可以用於心血管疾病、心肌梗塞、胃出血、胃潰瘍病患，對應病患可以比較廣泛，但也因產量較少價格較貴，健保沒有給付。
C,三七使用需自費　不能用於補身體、需醫師評估調劑
C,由於價格較高，健保沒有給付三七，如果病人需要使用都需要自費，市場有40頭、60頭、80頭等大小差異，藥效來說沒有太大區別，主要不同就是體積大小，在醫生評估確定用量後，就會切片放入藥方中。
C,鄭愛蓮強調，不同於當歸、紅棗、枸杞等中藥材，三七不能用於補身體，必須在中醫師評估個人體質狀況下，調配出合適劑量，絕對不得擅自使用，因為三七有止血與活血功能，使用時必須非常小心，最好不要自行購買食用。
C,川七與三七沒關係　絕大部分人都能使用
C,針對川七，鄭愛蓮解釋，川七在以往稱為三七葉，名稱跟三七很像，但2者之間沒有關係，大部分民眾多食用葉子，由於稍微有點苦味，因此餐廳經常跟麻油與枸杞一起烹調，由於有一點點活血化瘀作用，民間有人用於外敷。
C,鄭愛蓮補充說明，川七味道稍苦經常用麻油調味，加上薑等辛香料調整味道，基本上不會因體質不可以吃，絕大部分民眾都能享用。但麻油料理要特別小心，由於麻油本身熱量不低，攝取總量可能仍要小心注意。
C,《常春月刊》自1983年創刊以來，一直以讀者信賴的家庭醫師自詡，內容由醫藥記者專訪各大醫院知名醫師，緊扣趨勢的議題、權威嚴謹的內容，文字淺顯易懂卻又不失專業，不但能讓讀者獲取最新醫藥保健常識與訊息，也深獲醫藥界的肯定。
C,前總統李登輝2月8日因喝牛奶嗆到，引發吸入性肺炎住院近半年，日前傳出狀況危急，台北榮總因無家屬授權不便對外發言，僅表示，李登輝身體狀況不理想，臥床半年，病情起起伏伏，但還不到外界傳聞程度。而長者因器官退化、虛弱或是疾病，如中風、帕金森氏症等，會有吞嚥困難問題，於進食時造成嗆咳、吸入性肺炎等。
C,北榮高齡醫學中心高齡醫學科主任彭莉甯表示，吸入性肺炎在老人家常見且致死率高，因為老人家吞嚥功能退化、障礙，小小的東西就容易產生吸入性肺炎。
C,根據衛福部國健署統計，台灣社區65歲以上長者有兩成於每周至少三次有進食嗆到的現象，每十名高齡者約有一人有輕度以上的吞嚥障礙。
C,僅管很多人都會可能發生嗆咳情形，但彭莉甯表示，年輕人免疫力高且容易將食物咳出來，老人家在生病的狀況下，更多功能都會變差，包括吞嚥功能，無法在短時間內把物質清掉，也有些老人家因為感官功能下降，不知道自己有嗆咳的狀況，沒有咳嗽反應，也增加吸入性肺炎的風險。
C,吸入性肺炎和其他肺部感染治療方式大致相同，但因為吸入性肺炎少以明顯的發燒或咳嗽表現，照護者可能沒有發現，也會影響及時就醫。因此提醒，若是發現老人家容易累、突然不想吃東西、活動力和意識功能下降，便可能是個警訊。
C,彭莉甯提醒，避免長者發生吸入性肺炎，食物可切小塊一點、吃慢一點，喝水等液體時也可用些增稠劑。另外，也要避免讓長者以半斜坐的方式，坐直吃減少進食嗆咳的機會。前總統李登輝2月8日因喝牛奶嗆到，引發吸入性肺炎住院近半年。本報資料照片
C,美國聯邦眾議院議長裴洛西（右）今天宣布，國會議員和職員在新型冠狀病毒疫情期間，進入眾議院時必須戴口罩。美聯社
C,美國聯邦眾議院議長裴洛西（Nancy Pelosi）今天宣布，國會議員和職員在新型冠狀病毒疫情期間，進入眾議院時必須戴口罩。
C,路透社報導，裴洛西在眾議院表示，議員在眾議院發表演說時，可以暫時脫下口罩。
C,裴洛西說：「希望所有議員和職員遵守這項規定，以示尊重眾議院在場他人和周邊區域人員的健康、安全與福祉。」
C,疫情期間堅持不戴口罩的共和黨籍聯邦眾議員戈默特（Louie Gohmert）今天稍早證實，他確診感染2019冠狀病毒疾病（COVID-19），至少3名同僚表示將自我隔離。
C,裴洛西警告，她有權要求眾議院糾儀長將違反規定的議員請出場外，還說她認為未戴口罩就是嚴重違反規定。
C,裴洛西說，忘記戴口罩的議員將能在眾議院入口處領取。
C,裴洛西今天稍早曾說，各領袖已與國會山莊的醫師討論過強制戴口罩的規定。
C,根據路透社統計，美國佛羅里達州和德州今天通報新增染疫死亡病例，連續第2天創新高。全美累計病故人數突破15萬人。
C,佛州過去24小時有217人病故；德州至少有302死，部分郡尚未通報人數。此前僅紐約州和新澤西州曾通報單日超過300起死亡病例。
C,佛州也通報新增9446起確診病例，總計染疫人數超過45萬1000人，為全美第2多，僅次於加州。路透社統計，佛州死亡病例總數增至6457例，為全美第8多。
C,德州新增至少6436例確診，部分郡仍待通報，總計41萬9000人染疫，6800人病故。北卡羅來納州今天新增42例死亡病例，也創單日新高。
C,美國染疫病故總人數今天超過15萬人，仍是全球最多，增速是6月初以來最快。
C,全美染疫死亡人數3週來持續攀升，不過每週新增病例數近來下滑，為6月以來首見。
C,曾演出破億南韓夯片「屍速列車」的演員李相玉，28日因胰臟癌病逝，享年46歲。她生前已是胰臟癌晚期，因病情加重被送往急診室，經緊急治療仍是宣告不治。
C,李相玉生前雖飾演配角，但參演過多部電影，包括「屍速列車」、「素媛」、「仿聲靈」、「潘朵拉」等，據南韓媒體報導，李相玉生前罹患胰臟癌，28日不敵病魔離世，靈堂將設置於首爾大學醫院殯儀館，並將於明天中午出殯。李相玉曾演出南韓破億夯片「屍速列車」。圖／摘自韓網李相玉病逝，享年46歲。圖／摘自韓網
C,莊人祥表示，已請桃園衛生局替43人進行PCR採檢及血清抗體檢驗，預估8月1日前全數採檢完畢，以了解當地風險。聯合報系資料照片／記者曾原信攝影
C,在台泰籍移工廿七日返國確診，不排除本土感染，為釐清感染源，指揮中心也主動勾稽健保系統，調查近期曾就醫，並有上呼吸道症狀或腹瀉者，回溯進行新冠肺炎病毒檢驗，指揮中心發言人莊人祥表示，目前初步發現43人有疑似症狀，待檢驗，了解桃園當地社區是否有新冠肺炎疫情風險。
C,莊人祥表示，勾稽健保資料及勞動部表列所有桃園地區泰國移工的資料比對。指揮中心首先找出該名染疫移工工廠中所有18名泰籍移工，再列出這18人習慣就醫得醫療院所，進一步勾稽這些醫療院所六、七月泰國移工症狀紀錄，找出因呼吸道疾病、腹瀉就診者，共計43人。
C,莊人祥表示，已請桃園衛生局替43人進行PCR採檢及血清抗體檢驗，預估8月1日前全數採檢完畢，以了解當地風險。指揮中心指揮官陳時中也說，移工入境都要符合14天隔離檢疫規定，近來的都相對安全。
C,陳時中說，指揮中心也會協同勞動部、移工相關非營利組織協助黑數移工就醫。陳時中再次強調，台灣移工宿舍相對是小規模，與新加坡超大規模的住宿場所相比，新加坡移工集中在一處，台灣都是小規模單位。泰籍染疫移工要引發像新加坡大規模移工群聚的可能性不同。
C,世界衛生組織(WHO)28日表示，新冠病毒「喜歡所有的天氣」，沒有季節性的限制。 路透
C,約翰霍普金斯大學(JHU)統計，截至28日，全球已有逾1666萬人確診感染新冠病毒，死亡個案超過65萬例；全美確診個案至少434萬6748例，14萬9180人死亡；世界衛生組織(WHO)28日表示，新冠病毒「喜歡所有的天氣」，沒有季節性的限制，不像多數病毒，疫情會隨季節起伏。
C,路透(Reuters)報導，WHO發言人馬格麗特•哈里斯(Margaret Harris)在日內瓦(Geneva)一場虛擬簡報中表示：「許多人還在想季節性；我們現在必須理解的是，這是一種新型病毒，它的表現不一樣；夏天是問題，但這種病毒喜歡所有的天氣。」
C,哈里斯警告，北半球不應因為進入夏季就感到自滿，因為新冠病毒不像流感病毒有跟隨季節的趨勢。
C,她說：「這場疫情將是一個大浪潮，會上漲與回落；我們最好能夠擊敗它，能夠游刃有餘地應對它。」
C,包括傳染病專家佛奇(Anthony Fauci)在內的多位公衛官員，早在疫情剛爆發時就已警告，就算感染率回落，第二波疫情也可能會在秋季爆發。
C,許多歐洲國家原本已經控制住新冠病毒疫情，確診個案數量卻又開始回升，讓人更加擔憂第二波疫情來襲。
C,各國政府敦促民眾，面對夏季聚會與假期的誘惑，必須更加提高警覺；公衛官員也警告，民眾面對疫情的態度散漫，恐讓歐陸陷入危機。
C,由於感染個案激增，比利時已加強限制社交接觸，西班牙巴塞隆納也已關閉體育館與夜店；德國過去兩周的感染個案增幅也令人擔憂。
C,許多國家個案數量回升前，都經過安定的數周；各地陸續解封後，似乎也沒有造成重大的後果；德國柏林漢保德大學(Humboldt University)教授布羅克曼(Dirk Brockmann)說，如果感染個案增加與解封有關、而不是因為民眾防疫態度鬆懈，更早就會出現更明顯的跡象；而現在的情況似乎仰賴人類行為。
C,德國疾病防控機構羅伯特•科赫研究所(Robert Koch Institute)所長威勒(Lothar Wieler)首度敦促民眾，出門時若無法保持5呎社交距離時，就要戴口罩。
C,美國製藥大廠輝瑞（Pfizer）預測，新冠病毒不會很快消失，全球對疫苗的需求至少持續幾年，而且新冠肺炎疫苗像流感疫苗一樣，必須定期接種才有效。
C,彭博資訊報導，輝瑞及其德國合作夥伴BioNTech研發的新冠疫苗進入後期試驗階段，於27日為第一名美國病患施打疫苗，他們最快於10月向監管機關尋求核准。
C,外界越來越多人認為，一次性疫苗可能不足以永久抵禦新冠病毒。目前仍不清楚新冠病毒抗體可以保護人體免疫多久時間。早期試驗也尚未證實，注射疫苗可以長時間預防感染。
C,輝瑞執行長柏拉（Albert Bourla）28日接受訪問時表示，「有一種情況是，疫苗的免疫力可能不會永久持續；要嘛病毒會變異，或是病毒會尋找到另一種方法捲土重來」。
C,柏拉表示，輝瑞預期疫苗分兩階段上市，第一階段稱為大流行階段，輝瑞預期將持續2020年至2021年。在這段期間，輝瑞目標為全球政府提供一個安全、有效且負擔的起的疫苗。
C,美國政府上周同意以19.5億美元購買1億劑輝瑞BioNTech疫苗，如果疫苗獲得監管機館核准。
C,柏拉表示，「這不是一般的商業模式」。他說，有鑑於大流行對全球的影響，輝瑞提供全球政府遠低於正常的價格。美國製藥大廠輝瑞估計，新冠肺炎疫苗像流感疫苗一樣，必須定期接種才能有效。圖為紐約的輝瑞總部。法新社
C,新冠肺炎疫情嚴峻，防疫專家建議對所有入境者全面普篩。圖／聯合報報系資料照片
C,台灣連續一○六天無本土個案，卻傳出泰籍移工返抵泰國後確診，不排除為本土感染個案。防疫專家擔心，無症狀者可能在社區內「悄悄傳播」，當傳播者累積到一定數量，恐如北京、香港一樣出現大規模群聚感染，尤其秋冬合併流感恐將大爆發，建議提早因應。
C,台大公共衛生學院院長詹長權表示，日本女學生和泰籍移工返國確診個案代表台灣社區一直存在無症狀感染威脅；台灣九月到隔年五月有流感疫情，台灣不能「有症狀才採取行動」，必須超前準備可同時檢測流感和新冠肺炎的試劑，總統更應出面解決疫苗研發落後等困境。
C,「別讓移工成為防疫破口」詹長權說，從新加坡經驗來看，外籍移工千萬不能聚集，目前越南、香港、新加坡等地區都已禁止移工聚集，如果愈來愈多從台灣出發、在其國家被確診的個案，將損及台灣防疫形象，建議盡量減少移工聚集，讓工廠和宿舍要分艙分流，移工宿舍要單人單房單衛浴等。
C,台灣感染症醫學會理事長黃立民表示，國外疫情嚴重，國人防疫心態卻有些鬆懈，應慎防醫院、營區、軍艦和移工宿舍區等人口密度高、密閉空間的群聚感染，未來眾多境外生入境，相關場所均需加強落實防疫措施，所有入境者均接受篩檢，或是居家檢疫結束前再篩檢一次。
C,中研院生醫所兼任研究員何美鄉指出，根據研究，夏天時人類上呼吸道對抗病毒能力較強，感染後症狀較輕微或無症狀，現在只是看不到「有症狀」病人，但仍處於隱形傳播；到了秋冬，恐將不再是零星個案，而是像星火般燎原，疫情大爆發。
C,何美鄉說，最怕是如同北京、香港隱形傳播者累積到一定數量，爆發大規模群聚，建議個人防護仍不能鬆懈，維持勤洗手、戴口罩等衛生習慣，也應加強篩檢，只要有呼吸道症狀都應採檢，盡可能找出感染者。
C,前疾管局長、南台科技大學教授蘇益仁認為，來自疫情高危險國家的移工應入境普篩，入境檢疫期滿，解除隔離前也應做第二次檢測。至於台大公衛學院所提「廠住分艙分流、宿舍單人單房單衛浴」等建議較不實際，連本勞都沒有這種條件，怎會有工廠幫外勞打造這種生活環境？
C,國內疫情蠢蠢欲動，境外移入個案增多，醫師提醒做好防疫準備；圖為北捷通勤族。記者胡經周／攝影
C,新冠肺炎疫情在歐美延燒，也在大陸北京、香港、日本等地復萌，台灣事隔一○六天後出現首起疑似本土個案，更一連兩天出現境外移入個案。中央流行疫情指揮中心昨天公布國內新增五名境外移入個案，創六月七日解禁後單日最高紀錄，醫界憂心「海嘯在眼前，台灣視而不見」。
C,追移工感染 莊人祥籲提高警覺
C,在桃園工作的泰籍移工返回泰國後確診，指揮中心不排除是台灣本土感染個案。指揮中心發言人莊人祥表示，疫調後匡列一八九名與移工同公司廠房員工檢測，其中廿九名密切接觸者有廿八人為陰性，剩一人檢驗中，另外一六○人無疑似症狀，但「感染源仍撲朔迷離，應提高警覺」。
C,秋冬大爆發？台灣處隱形傳播期
C,防疫專家憂心，台灣目前只是看不到有症狀病人，仍處於隱形傳播階段，到了秋冬恐會疫情大爆發，應提早因應。
C,此外，疫調發現該移工近期有桃園賣場採買活動史，和未婚妻同返泰國。莊人祥說，目前未接獲移工未婚妻確診訊息，也因未取得移工行動電話而無法完全掌握足跡，會盡快釐清足跡，並據此發布細胞簡訊，建議曾與確診個案有共同活動史民眾自主健康管理十四天。
C,境外移入個案不斷攀升，泰籍移工確診者背後又潛藏社區感染風險，中山醫學大學附設醫院兒童急診科主任謝宗學在網路貼文形容民眾對周邊國家「疫情大海嘯」視而不見、「明明海嘯就在眼前卻視而不見，更是超級警訊」。
C,指揮中心發言人莊人祥表示，昨增5例境外移入，4人自菲、1人自港入境。記者曾原信／攝影
C,報復性疫情？來台就醫應緩鬆綁
C,謝宗學認為，多數國人不在乎其他國家疫情多嚴重、病死了多少人，只關心「報復性消費」、「報復性旅遊」，卻沒有想到台灣可能出現報復性疫情爆發。只要還有人入境，台灣絕不可能置身事外。
C,疫情延燒，歐洲各國紛紛收緊邊境管制，甚至實施旅遊限制。國民黨立委蔣萬安等人昨天舉行記者會質疑，在泰籍移工確診個案發生後，指揮中心難道要維持八月一日起開放外籍人士「有條件來台就醫」的政策嗎？呼籲不要貿然開放。
C,勞動部統計，今年截至七月廿六日，移工入境累積七七三七人，其中產業類新引進移工多達五千三百多人，為我國移工人數最多，卻不在採檢行列。台大公衛學院院長詹長權建議移工入境普篩。莊人祥表示，是否針對產業類新引進移工加強防疫措施，未來將再討論。
